{"298732816995319809":{"info":"$info To Set The Info","rep":0,"reps":"NOT YET","lastDaily":"Not Collected","level":0,"points":19},"278114289393598464":{"info":"Let's Get Started ....!","rep":0,"reps":"NOT YET","lastDaily":"Not Collected","level":1,"points":57},"201632163991519233":{"info":"$info To Set The Info","rep":0,"reps":"NOT YET","lastDaily":"Not Collected","level":1,"points":73},"330708095787466753":{"info":"احب بوتي","rep":1,"reps":"NOT YET","lastDaily":"Not Collected","level":2,"points":221},"380044490704158730":{"info":"$info To Set The Info","rep":0,"reps":"NOT YET","lastDaily":"Not Collected","level":0,"points":17},"418064523157700609":{"info":"$info To Set The Info","rep":0,"reps":"07/23/2018","lastDaily":"Not Collected","level":1,"points":89},"330650964690206720":{"info":"$info To Set The Info","rep":0,"reps":"NOT YET","lastDaily":"Not Collected","level":0,"points":5}}