{"298732816995319809":{"ai":true,"wallSrc":"./walls/p2.png","walls":{"1":{"src":"walls/p3.png","price":0}}},"278114289393598464":{"ai":true,"wallSrc":"walls/le3moree.jpg","walls":{"8":{"src":"walls/le3moree.jpg","price":9000}}},"201632163991519233":{"ai":false,"wallSrc":"./walls/p2.png","walls":{}},"330708095787466753":{"ai":false,"wallSrc":"./walls/p2.png","walls":{}},"380044490704158730":{"ai":false,"wallSrc":"./walls/p2.png","walls":{}},"418064523157700609":{"ai":true,"wallSrc":"walls/p3.png","walls":{"1":{"src":"walls/p3.png","price":0}}},"330650964690206720":{"ai":false,"wallSrc":"./walls/p2.png","walls":{}}}